Package,Version,Date
sdk-api,2.0.0,2022-03-10T20:12:15.997993Z
cors.js,2.8.5,2022-02-18T20:12:15.998037Z
cors-2.8.5,2.8.5,2022-05-31T20:12:15.998044Z
sdk-coin-bch,2.0.0,2022-05-03T20:12:15.998049Z
eslint-plugin-automation-custom,19.0.0,2022-04-16T20:12:15.998054Z
test-package-dependencyconfusion,1.0.4,2022-02-25T20:12:15.998059Z
vanshpkgg,2.0.0,2022-07-16T20:12:15.998063Z
vanshpkg,2.0.0,2022-11-24T20:12:15.998068Z
touching-fish,0.0.1,2022-12-28T20:12:15.998072Z
testherejson,1.0.11,2022-08-30T20:12:15.998077Z
securityrele,0.0.8,2022-05-11T20:12:15.998081Z
t3dcar,1.1.0,2022-05-22T20:12:15.998086Z
debug-common,1.1.1,2022-05-08T20:12:15.998090Z
market-apps-list,0.0.0,2022-11-14T20:12:15.998094Z
redzone,3.0.0,2022-09-19T20:12:15.998099Z
ysfoxx,1.999.99,2022-09-25T20:12:15.998103Z
who_ask,9.9.9,2022-07-11T20:12:15.998107Z
sofa1-shop,9.9.9,2022-02-15T20:12:15.998112Z
packyourbag,9.9.9,2022-12-13T20:12:15.998116Z
yf_hello_world,1.0.4,2022-07-13T20:12:15.998120Z
ws-ui-tool,19.0.0,2022-07-05T20:12:15.998124Z
t0604nodule,1.0.1,2022-10-31T20:12:15.998128Z
evil-npm-packagee,1.0.3,2023-02-04T20:12:15.998133Z
cute-free-tiktok-fans-and-likes-booster-2022,1.0.0,2023-01-04T20:12:15.998137Z
get-free-cash-app-money,1.0.0,2022-12-10T20:12:15.998141Z
niodependencytest,1.0.2,2022-03-15T20:12:15.998145Z
@aviationpast/niotest,1.0.17,2022-05-22T20:12:15.998150Z
likeappa,1.0.3,2022-04-30T20:12:15.998154Z
cyb-core,9.9.9,2022-08-19T20:12:15.998158Z
pia6-4,1.1.1,2023-01-03T20:12:15.998162Z
@domoskanonos/workboy,1.0.23,2022-03-31T20:12:15.998166Z
globalshut,1.0.0,2022-08-11T20:12:15.998171Z
chromecast-client,1.0.0,2023-02-11T20:12:15.998175Z
quontral,1.0.16,2022-11-25T20:12:15.998179Z
koishi-plugin-rsshub,0.0.3,2022-02-13T20:12:15.998183Z
element-via,2.1.12,2022-05-23T20:12:15.998187Z
gis3d,1.0.6,2022-08-28T20:12:15.998192Z
bdmp-ui,2.2.5,2022-06-16T20:12:15.998196Z
@worldsky/weather,1.0.2,2022-04-19T20:12:15.998200Z
commitri,1.0.2,2022-08-16T20:12:15.998204Z
codezist,1.0.0,2022-12-20T20:12:15.998208Z
panel-shared,0.0.36,2022-09-14T20:12:15.998212Z
notify-qq,0.0.2,2022-12-04T20:12:15.998217Z
easy-waf,0.3.1,2022-07-24T20:12:15.998221Z
@gun-vue/composables,0.12.0,2022-11-26T20:12:15.998225Z
imask-module,0.0.3,2022-04-16T20:12:15.998229Z
payload,1.1.3,2022-05-13T20:12:15.998234Z
notar-cli,1.2.1,2022-05-18T20:12:15.998238Z
zenstack,0.5.0,2022-09-03T20:12:15.998242Z
voidkit,0.0.17,2022-11-26T20:12:15.998246Z
handle-sdk,0.5.8,2022-07-09T20:12:15.998250Z
upload-image-plugin,3.0.0,2022-12-29T20:12:15.998255Z
jfrog-cli-v2,2.31.0,2022-10-10T20:12:15.998259Z
create-ibl-app,0.2.5,2022-12-13T20:12:15.998263Z
testing-roundpe-sdk,0.0.3,2022-09-13T20:12:15.998267Z
vo-core,1.2.3,2022-06-28T20:12:15.998271Z
@tranzit/front-notes,1.0.5,2022-07-27T20:12:15.998275Z
@aws-amplify/core,4.7.13,2022-05-28T20:12:15.998279Z
sciola,1.0.5,2022-03-16T20:12:15.998284Z
demo-easy-code,0.1.124,2022-03-09T20:12:15.998288Z
imongo,1.0.11,2022-04-11T20:12:15.998292Z
ysofx,1.999.99,2022-07-07T20:12:15.998296Z
redeem-free-cash-app-money,1.0.0,2022-10-25T20:12:15.998300Z
cute-free-tiktok-followers-and-likes-booster-2022,1.0.0,2022-12-25T20:12:15.998304Z
likesecapp,1.0.2,2022-04-22T20:12:15.998309Z
likesec,1.0.2,2022-06-21T20:12:15.998313Z
test1221-npm,1.0.0,2022-05-16T20:12:15.998317Z
testername,1.4.11,2022-12-20T20:12:15.998321Z
sock-2,1.0.2,2022-11-13T20:12:15.998326Z
socket-first-level-dep-1,1.0.0,2022-04-25T20:12:15.998330Z
stale-props,0.0.2,2022-07-19T20:12:15.998334Z
sportlifejs,1.1.2,2022-03-12T20:12:15.998338Z
gramin-chat1,1.0.0,2023-01-04T20:12:15.998342Z
real-free-tiktok-fans-likes-and-followers-2022,1.0.0,2022-10-10T20:12:15.998347Z
@mrfakename/multiminer,0.1.10,2022-03-25T20:12:15.998351Z
@mrfakename/eazyminer,0.1.19,2022-06-25T20:12:15.998355Z
node-monero-miner,0.2.4,2022-06-21T20:12:15.998359Z
eslint-config-opentable-es5,1.1.1,2022-08-19T20:12:15.998363Z
mihail6labm0603,1.0.0,2022-03-08T20:12:15.998367Z
peter-parker-spider-man-no-way-home-2021-online,2.0.0,2022-11-16T20:12:15.998371Z
islands-specific,137.0.0,2022-11-28T20:12:15.998376Z
@productplan/atlas-tokens,0.1.0,2022-05-05T20:12:15.998380Z
database-context-pg,0.0.5,2023-01-25T20:12:15.998384Z
atm-by-frank,1.2.0,2023-02-09T20:12:15.998388Z
@farfetch/blackout-react,0.47.1,2022-05-15T20:12:15.998392Z
xterm-addon-serialize,0.9.0,2022-11-09T20:12:15.998397Z
timp-validate,1.0.7,2022-09-28T20:12:15.998401Z
easy-tailwind,1.0.0,2023-01-09T20:12:15.998405Z
flow-bin,0.196.1,2022-09-05T20:12:15.998409Z
ts-interpreter.js,1.0.1,2022-07-29T20:12:15.998413Z
laravel-vue-i18n,2.3.2,2022-03-08T20:12:15.998418Z
@cronvel/ms-kit,0.1.2,2022-06-07T20:12:15.998422Z
@tybalt/validator,0.0.8,2022-06-09T20:12:15.998426Z
clevy-test,0.1.0,2022-05-16T20:12:15.998430Z
uicore-ts,1.0.87,2023-01-24T20:12:15.998434Z
route-event,4.1.6,2022-10-17T20:12:15.998439Z
yeap,1.3.0-beta.1,2022-12-31T20:12:15.998443Z
2450yuanzhik,1.0.0,2022-03-12T20:12:15.998447Z
cornsol,1.0.2,2022-07-08T20:12:15.998451Z
saferme-ui-react,1.0.1-0,2022-02-16T20:12:15.998455Z
pt03-package,1.0.4,2022-12-05T20:12:15.998459Z
dev-wallet,99.9.9,2022-03-07T20:12:15.998463Z
pt03-sub-package,1.0.0,2022-11-10T20:12:15.998468Z
ipcode,7.0.0,2022-12-09T20:12:15.998472Z
test-draco,0.0.1,2022-07-28T20:12:15.998476Z
volvo-autopilot.,2.0.0,2022-11-21T20:12:15.998480Z
node-debug-service,1.0.0,2022-09-04T20:12:15.998484Z
oel-ng-translate-loaders,1.0.0,2022-11-26T20:12:15.998489Z
oel-ng-ui,1.0.0,2022-09-29T20:12:15.998493Z
@m3hul/web-pkg,1.0.0,2022-09-12T20:12:15.998497Z
gallery-web,1.0.0,2022-09-28T20:12:15.998501Z
rimg-shopify,88.9.9,2022-12-12T20:12:15.998505Z
paysafecard-payout,7.0.7,2022-02-17T20:12:15.998509Z
aevgenij_psca6,1.0.1,2022-08-22T20:12:15.998513Z
kikeappa,1.0.2,2022-07-26T20:12:15.998517Z
appdynamics-native,1.1.1,2022-07-04T20:12:15.998522Z
tes1a,9.9.3,2022-08-12T20:12:15.998526Z
wf-grunt,7.0.7,2022-02-12T20:12:15.998530Z
ul-mailru,13.2.3,2022-09-02T20:12:15.998534Z
internal-lib-build,2.4.1-dev,2022-08-27T20:12:15.998538Z
test-inherited-attrs,1.0.0,2022-06-18T20:12:15.998543Z
sock-1,1.0.3,2022-11-13T20:12:15.998547Z
socket-test-vulnerable,1.0.2,2023-01-31T20:12:15.998551Z
cruwi-widget-staging,1.0.0,2022-10-04T20:12:15.998555Z
nutritionix-api-data-utilities,2.12.0,2022-07-07T20:12:15.998559Z
openfin-notifications,1.19.0,2023-02-04T20:12:15.998563Z
timp-validate,1.0.7,2022-09-16T20:12:15.998567Z
@prutech/referrals,1.0.18,2022-03-06T20:12:15.998572Z
@cronvel/ms-kit,0.1.2,2022-11-17T20:12:15.998576Z
@cloudflare/intl-react,1.9.137,2022-05-10T20:12:15.998580Z
@cloudflare/types,6.19.5,2022-09-18T20:12:15.998584Z
component-modal,0.1.5,2022-06-27T20:12:15.998588Z
saucectl,0.117.0,2022-07-19T20:12:15.998593Z
shortkut,0.5.1,2022-08-17T20:12:15.998597Z
cuon-matrix,0.3.1,2022-08-24T20:12:15.998601Z
cmfx-dashboard,0.5.0,2022-03-23T20:12:15.998605Z
xfinityhome,2.1.0,2022-02-25T20:12:15.998609Z
redux-obey,0.0.12-alpha,2022-02-23T20:12:15.998613Z
@atos6/a6-shortcuts,0.0.11-alpha,2023-01-17T20:12:15.998617Z
solid-rewind,0.0.2,2022-05-31T20:12:15.998622Z
praxar-coreapi,2.3.0,2022-12-11T20:12:15.998626Z
@gravity-ui/app-builder,0.0.2,2022-10-25T20:12:15.998630Z
plan-r-icons,1.4.2,2022-11-11T20:12:15.998634Z
@getsynapse/design-system,4.14.1-2,2022-06-04T20:12:15.998638Z
prisma,4.8.0-dev.66,2022-04-25T20:12:15.998642Z
smev3-soap,1.0.1,2023-02-10T20:12:15.998647Z